City_ID,City,Country,Date,Lat,Lng,Max Temp,Humidity,Cloudiness,Wind Speed
0,Punta Arenas,CL,22-06-04 02:07:S,-53.15,-70.9167,41.11,56,75,9.22
1,Hobart,AU,22-06-04 02:06:S,-42.8794,147.3294,56.26,67,75,5.75
2,Gotsu,JP,22-06-04 02:07:S,35.0,132.2167,75.33,48,90,11.79
3,Evensk,RU,22-06-04 02:07:S,61.95,159.2333,53.24,69,100,7.25
4,Yellowknife,CA,22-06-04 02:04:S,62.456,-114.3525,68.56,30,2,11.99
5,San Nicolas,PH,22-06-04 02:07:S,18.1725,120.5953,87.71,70,75,6.91
6,Ushuaia,AR,22-06-04 02:07:S,-54.8,-68.3,42.46,49,100,18.41
7,Saint-Philippe,RE,22-06-04 02:07:S,-21.3585,55.7679,72.99,69,57,13.47
8,Vaini,TO,22-06-04 02:07:S,-21.2,-175.2,80.76,78,20,8.05
9,Buckeye,US,22-06-04 02:05:S,33.3703,-112.5838,99.3,9,100,11.5
10,Georgetown,MY,22-06-04 02:07:S,5.4112,100.3354,76.95,88,40,6.91
11,Bethel,US,22-06-04 02:05:S,41.3712,-73.414,68.0,71,100,4.9
12,Kodiak,US,22-06-04 02:07:S,57.79,-152.4072,69.31,28,0,5.75
13,Harper,LR,22-06-04 02:07:S,4.375,-7.7169,77.07,88,77,5.57
14,Mahebourg,MU,22-06-04 02:07:S,-20.4081,57.7,71.26,75,84,20.65
15,Coihaique,CL,22-06-04 02:07:S,-45.5752,-72.0662,33.75,86,20,2.3
16,Clyde River,CA,22-06-04 02:07:S,70.4692,-68.5914,30.43,93,100,9.22
17,Dikson,RU,22-06-04 02:07:S,73.5069,80.5464,26.53,83,17,17.07
18,Atuona,PF,22-06-04 02:07:S,-9.8,-139.0333,76.71,81,19,15.5
19,Ilulissat,GL,22-06-04 02:07:S,69.2167,-51.1,37.42,75,70,1.14
20,Belogorsk,RU,22-06-04 02:07:S,50.9158,128.4611,63.36,69,64,7.72
21,Barrow,US,22-06-04 02:05:S,71.2906,-156.7887,32.02,86,100,21.85
22,Constitucion,CL,22-06-04 02:07:S,-35.3333,-72.4167,53.73,88,100,12.8
23,Richards Bay,ZA,22-06-04 02:07:S,-28.783,32.0377,59.29,76,0,9.48
24,Biltine,TD,22-06-04 02:07:S,14.5333,20.9167,90.81,21,99,8.37
25,Gorom-Gorom,BF,22-06-04 02:07:S,14.4439,-0.2361,87.67,34,81,5.84
26,Mataura,NZ,22-06-04 02:07:S,-46.1927,168.8643,49.48,72,72,3.15
27,Albany,US,22-06-04 02:06:S,42.6001,-73.9662,67.64,66,5,6.62
28,Rikitea,PF,22-06-04 02:07:S,-23.1203,-134.9692,75.11,79,78,11.1
29,Nikolskoye,RU,22-06-04 02:07:S,59.7035,30.7861,52.72,97,45,6.29
30,Lebu,CL,22-06-04 02:07:S,-37.6167,-73.65,52.79,95,100,10.87
31,Prescott,US,22-06-04 02:03:S,34.54,-112.4685,79.05,17,0,13.8
32,Iskenderun,TR,22-06-04 02:06:S,36.5872,36.1735,70.63,87,14,3.4
33,Denpasar,ID,22-06-04 02:07:S,-8.65,115.2167,83.86,79,20,3.44
34,Gat,IL,22-06-04 02:07:S,31.61,34.7642,76.41,72,0,1.88
35,San Martin,AR,22-06-04 02:07:S,-33.081,-68.4681,46.35,54,100,5.1
36,Cherskiy,RU,22-06-04 02:08:S,68.75,161.3,42.19,45,57,15.32
37,Airai,TL,22-06-04 02:08:S,-8.9266,125.4092,72.79,53,21,1.88
38,Puerto Ayora,EC,22-06-04 02:08:S,-0.7393,-90.3518,71.55,93,97,4.0
39,Kinsale,IE,22-06-04 02:08:S,51.7075,-8.5306,52.23,81,40,13.8
40,Hilo,US,22-06-04 02:08:S,19.7297,-155.09,90.28,85,75,11.5
41,Vila Franca Do Campo,PT,22-06-04 02:08:S,37.7167,-25.4333,64.81,94,100,4.83
42,Alta Floresta,BR,22-06-04 02:08:S,-9.8756,-56.0861,71.6,57,85,3.47
43,Busselton,AU,22-06-04 02:09:S,-33.65,115.3333,59.2,57,100,8.3
44,Nemuro,JP,22-06-04 02:09:S,43.3236,145.575,45.25,90,100,15.77
45,Noumea,NC,22-06-04 02:04:S,-22.2763,166.4572,82.38,99,3,5.06
46,Miracema Do Tocantins,BR,22-06-04 02:09:S,-9.5618,-48.3967,74.19,53,29,2.39
47,New Norfolk,AU,22-06-04 02:09:S,-42.7826,147.0587,55.92,81,97,1.99
48,Shenjiamen,CN,22-06-04 02:09:S,29.9576,122.298,70.68,98,100,9.55
49,Jamestown,US,22-06-04 02:09:S,42.097,-79.2353,63.72,46,0,3.44
50,Ceres,US,22-06-04 02:09:S,37.5949,-120.9577,76.8,53,0,16.11
51,Napier,NZ,22-06-04 02:09:S,-39.4833,176.9167,55.27,66,48,5.01
52,Castro,BR,22-06-04 02:09:S,-24.7911,-50.0119,50.65,90,96,8.34
53,Meulaboh,ID,22-06-04 02:09:S,4.1363,96.1285,78.87,77,95,4.05
54,Necochea,AR,22-06-04 02:06:S,-38.5473,-58.7368,43.81,60,100,13.67
55,Avarua,CK,22-06-04 02:09:S,-21.2078,-159.775,80.65,65,20,19.57
56,Port Elizabeth,ZA,22-06-04 02:09:S,-33.918,25.5701,60.31,75,43,1.99
57,Russell,US,22-06-04 02:09:S,32.3502,-85.1999,78.4,94,0,8.05
58,Ballina,AU,22-06-04 02:09:S,-28.8667,153.5667,69.01,68,0,14.25
59,Waikuku,NZ,22-06-04 02:09:S,-43.3,172.6833,56.5,68,0,1.01
60,Kaitangata,NZ,22-06-04 02:09:S,-46.2817,169.8464,52.3,60,14,2.82
61,Hermanus,ZA,22-06-04 02:09:S,-34.4187,19.2345,54.68,82,29,4.94
62,Jeremie,HT,22-06-04 02:09:S,18.65,-74.1167,79.09,82,97,2.73
63,Cape Town,ZA,22-06-04 02:09:S,-33.9258,18.4232,60.39,81,64,1.52
64,Santa Rosa,PH,22-06-04 02:09:S,14.3122,121.1114,89.58,70,11,0.94
65,Pulandian,CN,22-06-04 02:09:S,39.3953,121.9669,70.11,74,100,13.82
66,Dingle,PH,22-06-04 02:09:S,10.9995,122.6711,87.19,65,11,3.51
67,Bluff,NZ,22-06-04 02:09:S,-46.6,168.3333,49.8,67,82,8.32
68,Kahului,US,22-06-04 02:09:S,20.8947,-156.47,82.42,66,75,18.41
69,Lompoc,US,22-06-04 02:09:S,34.6391,-120.4579,70.02,80,0,25.01
70,Nishihara,JP,22-06-04 02:09:S,26.1842,127.7558,76.28,97,100,10.36
71,Arraial Do Cabo,BR,22-06-04 02:09:S,-22.9661,-42.0278,70.2,80,88,16.02
72,Chapais,CA,22-06-04 02:08:S,49.7834,-74.8492,47.7,95,97,3.96
73,Provideniya,RU,22-06-04 02:09:S,64.3833,-173.3,52.48,56,100,6.35
74,Port Alfred,ZA,22-06-04 02:09:S,-33.5906,26.891,61.83,39,0,7.99
75,Along,IN,22-06-04 02:09:S,28.1667,94.7667,74.21,99,100,0.56
76,Karratha,AU,22-06-04 02:09:S,-20.7377,116.8463,69.35,47,57,17.05
77,El Tigre,VE,22-06-04 02:09:S,8.8875,-64.2454,76.73,76,95,11.36
78,Mar Del Plata,AR,22-06-04 02:09:S,-38.0023,-57.5575,47.08,64,0,6.91
79,Xining,CN,22-06-04 02:09:S,36.6167,101.7667,56.53,66,100,3.71
80,Ilebo,CD,22-06-04 02:09:S,-4.3167,20.5833,69.22,73,83,1.57
81,Naze,JP,22-06-04 02:09:S,28.3667,129.4833,72.57,85,71,11.92
82,San Cristobal,VE,22-06-04 02:09:S,7.7669,-72.225,68.18,97,100,1.72
83,Mount Isa,AU,22-06-04 02:09:S,-20.7333,139.5,69.57,52,40,8.05
84,Kapaa,US,22-06-04 02:09:S,22.0752,-159.319,80.58,73,0,11.5
85,Victoria,HK,22-06-04 02:08:S,22.2855,114.1577,86.38,80,100,17.0
86,Butaritari,KI,22-06-04 02:09:S,3.0707,172.7902,80.74,73,55,6.51
87,Moron,AR,22-06-04 02:09:S,-34.6534,-58.6198,51.55,67,100,7.63
88,Sisimiut,GL,22-06-04 02:10:S,66.9395,-53.6735,48.79,44,11,5.61
89,Carnarvon,AU,22-06-04 02:10:S,-24.8667,113.6333,68.14,41,45,13.44
90,Atocha,BO,22-06-04 02:10:S,-20.9333,-66.2333,37.6,40,51,7.38
91,Bredasdorp,ZA,22-06-04 02:10:S,-34.5322,20.0403,49.55,90,21,4.47
92,Flinders,AU,22-06-04 02:10:S,-34.5833,150.8552,63.05,55,1,11.01
93,Qaanaaq,GL,22-06-04 02:10:S,77.484,-69.3632,24.85,85,98,3.87
94,Wentzville,US,22-06-04 02:08:S,38.8114,-90.8529,73.09,68,2,1.48
95,Hithadhoo,MV,22-06-04 02:10:S,-0.6,73.0833,83.52,69,99,8.9
96,Quesnel,CA,22-06-04 02:10:S,52.9999,-122.5029,65.88,57,100,7.05
97,Keti Bandar,PK,22-06-04 02:10:S,24.1447,67.4497,81.43,83,24,21.12
98,Ponta Do Sol,PT,22-06-04 02:10:S,32.6667,-17.1,64.13,74,17,5.12
99,Bambous Virieux,MU,22-06-04 02:10:S,-20.3428,57.7575,71.22,75,86,21.07
100,Kurilsk,RU,22-06-04 02:10:S,45.2333,147.8833,42.6,94,100,9.24
101,Kavieng,PG,22-06-04 02:10:S,-2.5744,150.7967,84.38,64,3,11.61
102,Glarus,CH,22-06-04 02:10:S,47.0406,9.068,64.89,80,93,6.58
103,Taywarah,AF,22-06-04 02:10:S,33.35,64.4167,47.53,36,0,6.6
104,Srednekolymsk,RU,22-06-04 02:10:S,67.45,153.6833,47.39,43,100,12.62
105,Mabaruma,GY,22-06-04 02:10:S,8.2,-59.7833,73.58,95,87,2.89
106,Shubarshi,KZ,22-06-04 02:10:S,48.5872,57.1869,66.61,50,1,5.99
107,Kununurra,AU,22-06-04 02:06:S,-15.7667,128.7333,85.98,51,40,10.36
108,Sabang,ID,22-06-04 02:10:S,5.8933,95.3214,83.07,69,100,8.79
109,Taltal,CL,22-06-04 02:10:S,-25.4,-70.4833,61.7,52,50,1.54
110,Nanortalik,GL,22-06-04 02:10:S,60.1432,-45.2371,41.81,63,100,1.66
111,Kieta,PG,22-06-04 02:10:S,-6.2167,155.6333,84.74,68,50,4.09
112,Lata,PT,22-06-04 02:10:S,40.1629,-8.3327,54.88,95,7,3.62
113,Ushtobe,KZ,22-06-04 02:10:S,45.2514,77.9838,65.88,62,100,7.92
114,Bafia,CM,22-06-04 02:10:S,4.75,11.2333,68.04,98,100,1.23
115,Pevek,RU,22-06-04 02:10:S,69.7008,170.3133,29.77,94,100,14.63
116,Tasiilaq,GL,22-06-04 02:10:S,65.6145,-37.6368,26.76,75,7,5.66
117,San Jose De Guanipa,VE,22-06-04 02:10:S,8.8872,-64.1651,77.2,76,94,11.5
118,Alofi,NU,22-06-04 02:10:S,-19.0595,-169.9187,78.82,80,14,14.94
119,Bar Harbor,US,22-06-04 02:05:S,44.3876,-68.2039,55.35,82,100,4.61
120,Shimoda,JP,22-06-04 02:10:S,34.6667,138.95,72.1,71,66,10.47
121,Kushiro,JP,22-06-04 02:10:S,42.975,144.3747,52.93,74,98,5.57
122,Kenai,US,22-06-04 02:10:S,60.5544,-151.2583,79.03,26,0,12.66
123,Sur,OM,22-06-04 02:10:S,22.5667,59.5289,85.59,59,15,6.96
124,San Juan,AR,22-06-04 02:10:S,-31.5375,-68.5364,48.43,50,100,1.68
125,Severo-Kurilsk,RU,22-06-04 02:08:S,50.6789,156.125,45.63,81,97,7.31
126,Ancud,CL,22-06-04 02:09:S,-41.8697,-73.8203,47.8,93,100,12.59
127,Khatanga,RU,22-06-04 02:10:S,71.9667,102.5,30.72,92,100,19.6
128,Salalah,OM,22-06-04 02:10:S,17.0151,54.0924,82.49,83,40,1.14
129,Tupik,RU,22-06-04 02:10:S,54.4253,119.9327,54.45,81,100,0.85
130,Namatanai,PG,22-06-04 02:10:S,-3.6667,152.4333,82.98,71,92,7.49
131,Qaqortoq,GL,22-06-04 02:10:S,60.7167,-46.0333,46.42,44,0,5.59
132,Manggar,ID,22-06-04 02:11:S,-2.8833,108.2667,85.33,67,45,6.82
133,Chakwal,PK,22-06-04 02:11:S,32.9334,72.8585,89.91,11,5,5.64
134,East London,ZA,22-06-04 02:11:S,-33.0153,27.9116,63.77,36,0,8.03
135,Bengkulu,ID,22-06-04 02:11:S,-3.8004,102.2655,81.77,65,28,0.76
136,Oistins,BB,22-06-04 02:11:S,13.0667,-59.5333,82.49,78,20,19.57
137,Tuktoyaktuk,CA,22-06-04 02:11:S,69.4541,-133.0374,32.14,85,100,10.89
138,Havoysund,NO,22-06-04 02:11:S,70.9963,24.6622,48.43,90,100,6.17
139,Troitsko-Pechorsk,RU,22-06-04 02:11:S,62.7084,56.1964,42.73,51,0,6.93
140,San Patricio,US,22-06-04 02:11:S,28.017,-97.5169,82.89,76,74,8.63
141,Sangar,RU,22-06-04 02:11:S,63.9242,127.4739,68.86,45,0,7.34
142,Los Llanos De Aridane,ES,22-06-04 02:11:S,28.6585,-17.9182,64.15,84,40,17.27
143,Cidreira,BR,22-06-04 02:11:S,-30.1811,-50.2056,59.47,66,99,10.98
144,Severodvinsk,RU,22-06-04 02:11:S,64.5635,39.8302,60.91,63,99,15.61
145,Nome,US,22-06-04 02:11:S,64.5011,-165.4064,66.16,57,0,21.85
146,Dali,CN,22-06-04 02:11:S,25.7,100.1833,69.15,73,60,4.99
147,Mount Gambier,AU,22-06-04 02:11:S,-37.8333,140.7667,53.51,87,75,14.97
148,Souillac,MU,22-06-04 02:11:S,-20.5167,57.5167,73.22,79,84,19.06
149,Nuevo Imperial,PE,22-06-04 02:11:S,-13.0754,-76.3172,64.74,81,99,2.57
150,Thompson,CA,22-06-04 02:11:S,55.7435,-97.8558,35.74,97,100,9.42
151,Plastun,RU,22-06-04 02:11:S,44.7561,136.2939,48.34,74,90,6.6
152,San Carlos De Bariloche,AR,22-06-04 02:11:S,-41.1456,-71.3082,34.77,98,100,4.23
153,Asyut,EG,22-06-04 02:11:S,27.181,31.1837,80.04,26,0,2.93
154,Baneh,IR,22-06-04 02:11:S,35.9975,45.8853,65.39,34,20,6.38
155,Saldanha,ZA,22-06-04 02:11:S,-33.0117,17.9442,57.47,82,55,6.38
156,Moussoro,TD,22-06-04 02:11:S,13.6408,16.4901,91.27,26,100,7.25
157,Norman Wells,CA,22-06-04 02:11:S,65.282,-126.8329,46.83,68,100,10.4
158,Cocorit,MX,22-06-04 02:11:S,27.5833,-109.9667,80.94,42,0,9.28
159,Prince Rupert,CA,22-06-04 02:10:S,54.3161,-130.3201,53.69,94,100,5.75
160,Santa Maria,BR,22-06-04 02:09:S,-29.6842,-53.8069,43.84,92,0,7.49
161,Xunchang,CN,22-06-04 02:11:S,28.4543,104.715,74.86,90,99,2.55
162,West Wendover,US,22-06-04 02:11:S,40.7391,-114.0733,79.81,18,0,8.05
163,Indramayu,ID,22-06-04 02:11:S,-6.3264,108.32,81.7,77,61,3.76
164,Lakes Entrance,AU,22-06-04 02:12:S,-37.8811,147.981,61.16,54,25,11.1
165,Bafoulabe,ML,22-06-04 02:12:S,13.8065,-10.8321,91.08,36,30,5.41
166,Vestmannaeyjar,IS,22-06-04 02:12:S,63.4427,-20.2734,44.49,79,100,13.89
167,Chuy,UY,22-06-04 02:12:S,-33.6971,-53.4616,47.97,87,13,5.1
168,Camacha,PT,22-06-04 02:12:S,33.0833,-16.3333,62.02,72,40,13.8
169,Oktyabrskiy,RU,22-06-04 02:12:S,54.4815,53.471,61.23,94,100,4.7
170,Oranjemund,NA,22-06-04 02:12:S,-28.55,16.4333,57.99,43,52,3.85
171,Pisco,PE,22-06-04 02:12:S,-13.7,-76.2167,61.02,94,100,2.3
172,Haines Junction,CA,22-06-04 02:12:S,60.7522,-137.5108,67.01,36,98,5.1
173,Aksarka,RU,22-06-04 02:12:S,66.5606,67.7975,35.44,51,13,23.85
174,Pasco,US,22-06-04 02:07:S,28.292,-82.4165,76.95,75,100,5.01
175,Korop,UA,22-06-04 02:12:S,51.5664,32.9586,50.9,87,0,3.6
176,Nenjiang,CN,22-06-04 02:12:S,49.1833,125.2167,69.01,46,99,14.9
177,Merrill,US,22-06-04 02:12:S,45.1805,-89.6835,60.57,51,0,5.75
178,Grindavik,IS,22-06-04 02:12:S,63.8424,-22.4338,42.91,81,75,9.22
179,Iqaluit,CA,22-06-04 02:13:S,63.7506,-68.5145,33.48,80,26,3.51
180,Hearst,CA,22-06-04 02:10:S,49.6835,-83.6665,43.84,93,100,7.78
181,Nuevo Progreso,MX,22-06-04 02:13:S,23.1667,-97.95,79.9,63,0,1.01
182,Touros,BR,22-06-04 02:13:S,-5.1989,-35.4608,74.93,91,99,6.73
183,Villa Carlos Paz,AR,22-06-04 02:13:S,-31.4241,-64.4978,46.81,31,17,3.0
184,Grodkow,PL,22-06-04 02:13:S,50.6984,17.3845,58.95,91,100,2.24
185,Mackay,AU,22-06-04 02:13:S,-21.15,149.2,80.69,71,1,3.09
186,Kavaratti,IN,22-06-04 02:13:S,10.5669,72.642,83.79,73,51,16.46
187,Kutum,SD,22-06-04 02:13:S,14.2,24.6667,73.89,53,67,4.88
188,Chimore,BO,22-06-04 02:13:S,-16.9833,-65.1333,57.09,97,100,0.72
189,Saskylakh,RU,22-06-04 02:13:S,71.9167,114.0833,44.28,93,100,5.28
190,Llanes,ES,22-06-04 02:13:S,43.4198,-4.7549,62.02,88,54,0.67
191,Sao Joao Da Barra,BR,22-06-04 02:13:S,-21.6403,-41.0511,70.41,86,97,16.67
192,Lavrentiya,RU,22-06-04 02:13:S,65.5833,-171.0,51.39,50,89,11.27
193,Avera,US,22-06-04 02:13:S,33.194,-82.5271,72.55,94,99,6.49
194,San Roque,ES,22-06-04 02:13:S,36.2107,-5.3842,65.23,77,8,16.11
195,Touba,CI,22-06-04 02:13:S,8.2833,-7.6833,70.12,96,100,1.03
196,Jalu,LY,22-06-04 02:13:S,29.0331,21.5482,76.59,41,0,12.24
197,Mayo,US,22-06-04 02:13:S,38.8876,-76.5119,70.72,78,0,1.01
198,Papetoai,PF,22-06-04 02:13:S,-17.4961,-149.8729,81.99,73,100,20.2
199,Lima,PE,22-06-04 02:08:S,-12.0432,-77.0282,63.9,82,100,5.75
200,Djambala,CG,22-06-04 02:13:S,-2.5447,14.7533,68.32,86,93,2.71
201,Bubaque,GW,22-06-04 02:13:S,11.2833,-15.8333,79.83,84,33,13.13
202,Kudahuvadhoo,MV,22-06-04 02:13:S,2.6708,72.8944,82.98,74,100,14.2
203,Saint-Joseph,RE,22-06-04 02:13:S,-21.3667,55.6167,71.98,71,36,14.41
204,Port Blair,IN,22-06-04 02:13:S,11.6667,92.75,80.64,89,75,2.3
205,Te Anau,NZ,22-06-04 02:13:S,-45.4167,167.7167,47.97,65,91,0.43
206,Finnsnes,NO,22-06-04 02:13:S,69.2296,17.9811,49.75,90,100,6.22
207,Ribeira Grande,PT,22-06-04 02:13:S,38.5167,-28.7,64.92,94,100,19.8
208,Tongliao,CN,22-06-04 02:13:S,43.6125,122.2653,76.77,54,100,9.69
209,Torbay,CA,22-06-04 02:13:S,47.6666,-52.7314,43.75,88,85,8.99
210,Nizhniy Kuranakh,RU,22-06-04 02:13:S,58.8353,125.4869,68.07,43,21,11.21
211,Itaituba,BR,22-06-04 02:13:S,-4.2761,-55.9836,73.11,97,100,1.23
212,Torhout,BE,22-06-04 02:13:S,51.0607,3.0984,61.11,78,73,8.01
213,Sola,VU,22-06-04 02:13:S,-13.8833,167.55,80.76,66,16,15.46
214,Longyearbyen,SJ,22-06-04 02:13:S,78.2186,15.6401,44.44,70,75,1.14
215,Korgen,NO,22-06-04 02:13:S,66.0771,13.8153,48.52,91,100,5.82
216,Olafsvik,IS,22-06-04 02:13:S,64.8945,-23.7142,41.09,76,100,11.05
217,Katsuura,JP,22-06-04 02:13:S,35.1333,140.3,67.35,66,47,13.42
218,Choszczno,PL,22-06-04 02:13:S,53.169,15.4205,57.67,82,100,6.67
219,Guerrero Negro,MX,22-06-04 02:13:S,27.9769,-114.0611,63.61,77,0,17.98
220,Leningradskiy,RU,22-06-04 02:13:S,69.3833,178.4167,37.18,65,100,7.34
221,Raga,SS,22-06-04 02:13:S,8.4596,25.678,69.67,94,100,2.3
222,Khilok,RU,22-06-04 02:13:S,51.3674,110.4676,49.98,97,100,3.56
223,Upernavik,GL,22-06-04 02:13:S,72.7868,-56.1549,30.43,90,44,1.1
224,York,US,22-06-04 02:14:S,40.1254,-77.0,66.54,61,61,3.0
225,Nanyang,CN,22-06-04 02:14:S,32.9947,112.5328,90.01,46,93,10.36
226,Karasjok,NO,22-06-04 02:14:S,69.4719,25.5112,51.96,92,96,3.15
227,Gijon,ES,22-06-04 02:14:S,43.5357,-5.6615,59.0,97,43,2.28
228,Aksu,CN,22-06-04 02:14:S,41.1231,80.2644,72.7,32,100,14.85
229,Ligayan,PH,22-06-04 02:14:S,4.6533,119.4706,83.35,72,34,5.26
230,Hamakita,JP,22-06-04 02:14:S,34.8,137.7833,78.84,68,100,6.26
231,Oyon,PE,22-06-04 02:14:S,-10.6681,-76.7731,45.72,80,100,4.54
232,Pandamatenga,BW,22-06-04 02:14:S,-18.5278,25.627,50.16,77,0,5.64
233,Waipawa,NZ,22-06-04 02:14:S,-41.4122,175.5153,52.07,60,24,3.33
234,Hualmay,PE,22-06-04 02:14:S,-11.0964,-77.6139,64.51,84,100,5.46
235,Antofagasta,CL,22-06-04 02:11:S,-23.65,-70.4,54.68,57,39,2.33
236,Ambon,ID,22-06-04 02:14:S,-3.6954,128.1814,86.14,74,20,2.3
237,Botigues,PH,22-06-04 02:14:S,11.0995,123.6675,83.97,71,15,1.57
238,Puerto Escondido,MX,22-06-04 02:14:S,15.85,-97.0667,81.43,61,40,0.0
239,Atar,MR,22-06-04 02:14:S,20.5169,-13.0499,86.86,20,100,11.48
240,Sorland,NO,22-06-04 02:14:S,67.667,12.6934,46.26,89,100,12.57
241,Mantua,IT,22-06-04 02:14:S,45.1667,10.7833,67.08,87,0,1.01
242,Meadow Lake,US,22-06-04 02:14:S,34.8014,-106.5436,85.48,23,51,6.13
243,Saint George,US,22-06-04 02:11:S,37.1041,-113.5841,92.95,10,0,14.97
244,Lac Du Bonnet,CA,22-06-04 02:14:S,50.2536,-96.0612,48.67,71,23,3.27
245,Kungurtug,RU,22-06-04 02:14:S,50.5994,97.5228,55.42,31,97,2.48
246,Galle,LK,22-06-04 02:14:S,6.0367,80.217,79.66,85,97,12.77
247,Puerto Madryn,AR,22-06-04 02:14:S,-42.7692,-65.0385,51.66,54,100,24.4
248,Gizo,SB,22-06-04 02:14:S,-8.103,156.8419,84.43,69,100,3.98
249,Ciudad Bolivar,VE,22-06-04 02:14:S,8.1222,-63.5497,78.58,79,88,9.44
250,The Valley,AI,22-06-04 02:14:S,18.217,-63.0578,81.1,78,91,13.8
251,Paamiut,GL,22-06-04 02:14:S,61.994,-49.6678,40.41,63,3,6.8
252,Vytegra,RU,22-06-04 02:14:S,61.0064,36.4481,49.23,91,96,10.58
253,Kupang,ID,22-06-04 02:14:S,-10.1667,123.5833,85.77,55,91,3.22
254,Cabo San Lucas,MX,22-06-04 02:14:S,22.8909,-109.9124,81.7,59,0,13.8
255,Rong Kwang,TH,22-06-04 02:14:S,18.339,100.3174,82.44,77,100,3.62
256,Port Hardy,CA,22-06-04 02:14:S,50.6996,-127.4199,53.38,90,61,9.62
257,Iberia,US,22-06-04 02:14:S,29.9502,-91.7507,79.05,78,0,4.61
258,Belmonte,BR,22-06-04 02:14:S,-15.8631,-38.8828,73.06,84,42,6.2
259,Mehamn,NO,22-06-04 02:14:S,71.0357,27.8492,42.71,95,100,8.86
260,Kizukuri,JP,22-06-04 02:14:S,40.8061,140.3861,59.95,80,94,10.42
261,Omboue,GA,22-06-04 02:14:S,-1.5746,9.2618,73.92,94,100,3.38
262,Amahai,ID,22-06-04 02:14:S,-3.3333,128.9167,84.54,70,98,2.13
263,Ornskoldsvik,SE,22-06-04 02:14:S,63.2909,18.7153,49.71,80,10,10.56
264,Jumla,NP,22-06-04 02:14:S,29.2747,82.1838,65.08,32,99,1.16
265,Inta,RU,22-06-04 02:14:S,66.0317,60.1659,37.47,57,6,8.37
266,Hermiston,US,22-06-04 02:14:S,45.8404,-119.2895,72.64,49,100,4.0
267,Sawakin,SD,22-06-04 02:14:S,19.1059,37.3321,81.07,52,2,3.6
268,Sundumbili,ZA,22-06-04 02:14:S,-29.1337,31.3975,55.96,63,0,4.88
269,Ust-Ishim,RU,22-06-04 02:14:S,57.6935,71.1665,39.87,48,19,8.23
270,Chokurdakh,RU,22-06-04 02:15:S,70.6333,147.9167,49.33,36,8,10.29
271,Fortuna,US,22-06-04 02:15:S,40.5982,-124.1573,60.93,78,75,3.44
272,Bilibino,RU,22-06-04 02:15:S,68.0546,166.4372,46.47,37,7,12.77
273,Punta Cardon,VE,22-06-04 02:15:S,11.6581,-70.215,80.82,80,73,22.93
274,Ahipara,NZ,22-06-04 02:15:S,-35.1667,173.1667,61.79,56,55,4.97
275,Vao,NC,22-06-04 02:15:S,-22.6667,167.4833,71.4,65,21,9.4
276,Sines,PT,22-06-04 02:15:S,37.9562,-8.8698,64.29,88,9,3.0
277,Araouane,ML,22-06-04 02:15:S,18.9048,-3.5265,88.9,30,60,12.03
278,Juneau,US,22-06-04 02:12:S,58.3019,-134.4197,80.6,64,40,9.22
279,Boguchany,RU,22-06-04 02:15:S,58.3814,97.4531,46.24,39,7,9.73
280,Zhangye,CN,22-06-04 02:15:S,38.9342,100.4517,71.78,28,53,6.02
281,Husavik,IS,22-06-04 02:16:S,66.0449,-17.3389,39.22,94,71,11.92
282,North Battleford,CA,22-06-04 02:12:S,52.7834,-108.2847,63.68,49,4,5.64
283,Tiksi,RU,22-06-04 02:16:S,71.6872,128.8694,42.64,85,98,6.58
284,Nova Era,BR,22-06-04 02:16:S,-19.75,-43.0375,66.4,88,100,4.47
285,La Paz,BO,22-06-04 02:14:S,-16.5,-68.15,42.78,100,20,9.22
286,Mountain Home,US,22-06-04 02:16:S,43.133,-115.6912,80.08,24,0,8.05
287,Bulolo,PG,22-06-04 02:16:S,-7.2,146.65,84.85,57,36,4.21
288,Kasumkent,RU,22-06-04 02:16:S,41.6773,48.146,67.15,61,42,5.84
289,Faro,PT,22-06-04 02:14:S,37.0194,-7.9322,64.18,82,20,6.91
290,Andros Town,BS,22-06-04 02:16:S,24.7,-77.7667,82.36,76,100,14.5
291,Goundam,ML,22-06-04 02:16:S,16.4145,-3.6708,92.66,25,97,13.35
292,La Ronge,CA,22-06-04 02:16:S,55.1001,-105.2842,61.05,17,0,10.36
293,Vardo,NO,22-06-04 02:16:S,70.3705,31.1107,40.98,100,100,6.91
294,Santana Do Livramento,BR,22-06-04 02:14:S,-30.8908,-55.5328,40.5,94,0,6.35
295,Lagoa,PT,22-06-04 02:16:S,39.05,-27.9833,63.45,91,100,11.01
296,Erenhot,CN,22-06-04 02:16:S,43.6475,111.9767,70.34,16,16,25.95
297,Hokitika,NZ,22-06-04 02:16:S,-42.7167,170.9667,57.85,64,7,5.66
298,Boa Vista,BR,22-06-04 02:16:S,2.8197,-60.6733,82.38,74,75,3.44
299,Qasigiannguit,GL,22-06-04 02:16:S,68.8193,-51.1922,37.65,71,24,3.69
300,Havre,FR,22-06-04 02:16:S,49.5833,0.3333,59.4,94,75,9.22
301,Champerico,GT,22-06-04 02:16:S,14.3,-91.9167,80.38,81,100,4.14
302,El Alto,PE,22-06-04 02:16:S,-4.2714,-81.2147,65.07,80,100,9.31
303,Berwick,US,22-06-04 02:11:S,41.0545,-76.2333,63.72,76,46,1.81
304,Cap-Aux-Meules,CA,22-06-04 02:16:S,47.3821,-61.8597,42.85,81,75,8.05
305,Nouadhibou,MR,22-06-04 02:16:S,20.931,-17.0347,69.78,73,100,24.16
306,Vanavara,RU,22-06-04 02:16:S,60.34,102.2797,45.95,50,32,16.11
307,Teya,RU,22-06-04 02:16:S,60.3778,92.6267,39.97,71,71,10.92
308,Great Bend,US,22-06-04 02:16:S,38.3645,-98.7648,71.04,44,0,10.36
309,Yar-Sale,RU,22-06-04 02:16:S,66.8333,70.8333,34.43,53,4,27.09
310,Taksimo,RU,22-06-04 02:16:S,56.3444,114.8794,57.56,78,100,2.35
311,Butte,US,22-06-04 02:16:S,39.6499,-121.5677,80.82,41,0,14.97
312,Sao Filipe,CV,22-06-04 02:16:S,14.8961,-24.4956,76.71,69,17,11.34
313,Alim,PH,22-06-04 02:16:S,9.5649,122.4876,85.12,66,99,2.39
314,Esso,RU,22-06-04 02:12:S,55.9333,158.7,57.0,49,58,4.5
315,Codrington,AU,22-06-04 02:16:S,-38.2667,141.9667,54.46,76,15,15.3
316,Sakakah,SA,22-06-04 02:17:S,29.9697,40.2064,81.97,16,90,4.36
317,Mayumba,GA,22-06-04 02:17:S,-3.432,10.6554,73.24,91,72,3.13
318,Hohhot,CN,22-06-04 02:17:S,40.8106,111.6522,68.29,68,20,6.71
319,Pueblo,US,22-06-04 02:14:S,38.2545,-104.6091,72.36,49,0,5.75
320,Port Macquarie,AU,22-06-04 02:17:S,-31.4333,152.9167,66.88,52,0,10.98
321,Saint-Augustin,CA,22-06-04 02:17:S,51.226,-58.6502,43.83,82,100,9.4
322,Alyangula,AU,22-06-04 02:17:S,-13.8483,136.4192,84.07,68,40,9.6
323,Antalaha,MG,22-06-04 02:17:S,-14.9003,50.2788,69.49,92,40,8.9
324,Nioro,GM,22-06-04 02:17:S,13.35,-15.75,80.73,64,2,11.43
325,Riohacha,CO,22-06-04 02:17:S,11.5444,-72.9072,78.1,88,43,4.45
326,Farsund,NO,22-06-04 02:17:S,58.0948,6.8047,51.94,100,0,7.87
327,Sibiti,CG,22-06-04 02:17:S,-3.6819,13.3499,70.12,91,94,1.7
328,Rawlins,US,22-06-04 02:17:S,41.7911,-107.2387,64.29,32,0,5.75
329,Filadelfia,US,22-06-04 02:13:S,39.9523,-75.1638,70.02,70,0,6.91
330,Rio Formoso,BR,22-06-04 02:17:S,-8.6636,-35.1586,73.94,91,95,2.53
331,Ozinki,RU,22-06-04 02:17:S,51.1786,49.6769,65.77,54,30,7.29
332,Nara,JP,22-06-04 02:17:S,34.6851,135.8049,76.5,33,50,5.32
333,Rundu,NA,22-06-04 02:17:S,-17.9333,19.7667,47.62,66,3,6.11
334,Najran,SA,22-06-04 02:17:S,17.4924,44.1277,77.65,28,39,2.62
335,Kijang,KR,22-06-04 02:17:S,35.2442,129.2139,78.53,68,100,13.44
336,Kunming,CN,22-06-04 02:17:S,25.0389,102.7183,67.93,73,75,13.42
337,Formosa,AR,22-06-04 02:17:S,-26.1775,-58.1781,49.98,93,0,3.44
338,Ochakiv,UA,22-06-04 02:17:S,46.6128,31.5498,63.7,82,0,15.79
339,Aripuana,BR,22-06-04 02:17:S,-9.1667,-60.6333,74.08,85,68,1.19
340,Ilanskiy,RU,22-06-04 02:17:S,56.2358,96.065,36.48,94,100,4.45
341,Strezhevoy,RU,22-06-04 02:17:S,60.7333,77.5889,34.29,97,100,14.56
342,Tole,UA,22-06-04 02:17:S,44.7167,33.8167,64.96,70,65,6.64
343,Pho Chai,TH,22-06-04 02:17:S,16.3283,103.7703,85.91,72,100,10.67
344,Saint-Pierre,RE,22-06-04 02:17:S,-21.3393,55.4781,73.08,68,0,23.02
345,Pedro Ii,BR,22-06-04 02:17:S,-4.4247,-41.4586,67.68,96,99,1.03
346,Luderitz,NA,22-06-04 02:17:S,-26.6481,15.1594,64.58,33,66,6.85
347,Vila Velha,BR,22-06-04 02:17:S,-20.3297,-40.2925,73.35,91,100,21.0
348,Bathsheba,BB,22-06-04 02:17:S,13.2167,-59.5167,83.01,78,20,19.57
349,Strathpeffer,GB,22-06-04 02:17:S,57.588,-4.5382,43.16,93,8,2.66
350,Lawigan,PH,22-06-04 02:17:S,10.487,122.0354,87.75,61,11,4.38
351,Leshukonskoye,RU,22-06-04 02:17:S,64.8989,45.7622,48.61,35,56,11.86
352,Jimma,ET,22-06-04 02:17:S,7.6667,36.8333,57.49,97,98,2.48
353,Plainview,US,22-06-04 02:14:S,40.7765,-73.4673,70.47,81,0,9.22
354,Kurumkan,RU,22-06-04 02:17:S,54.3,110.3,59.95,64,100,3.89
355,Indianola,US,22-06-04 02:17:S,41.3581,-93.5574,75.0,57,12,5.32
356,Isangel,VU,22-06-04 02:17:S,-19.55,169.2667,77.27,74,91,7.27
357,Salinopolis,BR,22-06-04 02:17:S,-0.6136,-47.3561,79.12,82,95,7.72
358,Yeppoon,AU,22-06-04 02:17:S,-23.1333,150.7333,74.98,65,14,4.68
359,Hofn,IS,22-06-04 02:17:S,64.2539,-15.2082,49.57,63,100,12.59
360,Liuzhou,CN,22-06-04 02:17:S,24.3126,109.3892,79.86,90,100,7.7
361,San Jose,US,22-06-04 02:16:S,37.3394,-121.895,72.28,71,100,14.97
362,Marawi,PH,22-06-04 02:17:S,7.9986,124.2928,81.0,62,65,2.39
363,La Spezia,IT,22-06-04 02:18:S,44.1105,9.8434,70.07,66,11,6.98
364,Paciran,ID,22-06-04 02:18:S,-6.8767,112.3761,82.99,75,13,4.27
365,Totma,RU,22-06-04 02:18:S,59.9747,42.7642,54.09,96,100,9.06
366,Yuxia,CN,22-06-04 02:18:S,34.0615,108.6291,66.81,90,100,4.5
367,Itarema,BR,22-06-04 02:18:S,-2.9248,-39.9167,76.6,88,41,7.38
368,Faanui,PF,22-06-04 02:18:S,-16.4833,-151.75,81.19,68,100,16.11
369,Hasaki,JP,22-06-04 02:18:S,35.7333,140.8333,77.29,66,9,11.3
370,Lagdo,CM,22-06-04 02:18:S,9.05,13.7333,82.33,57,99,3.58
371,Mozarlandia,BR,22-06-04 02:18:S,-14.7447,-50.5706,74.75,38,11,5.46
372,Pochutla,MX,22-06-04 02:18:S,15.7432,-96.4661,75.02,84,98,3.15
373,Tessalit,ML,22-06-04 02:18:S,20.1986,1.0114,92.14,9,0,16.69
374,Hachinohe,JP,22-06-04 02:18:S,40.5,141.5,57.38,82,75,14.97
375,Camabatela,AO,22-06-04 02:18:S,-8.1881,15.375,59.7,53,0,4.79
376,Sitka,US,22-06-04 02:18:S,57.0531,-135.33,62.49,55,40,0.0
377,Kamuli,UG,22-06-04 02:18:S,0.9472,33.1197,63.46,88,67,1.32
378,Palu,ID,22-06-04 02:18:S,-0.8917,119.8707,81.37,83,100,0.58
379,Xingyi,CN,22-06-04 02:18:S,24.1877,102.817,69.94,73,85,5.23
380,Santiago Del Estero,AR,22-06-04 02:18:S,-27.7951,-64.2615,50.63,58,70,8.08
381,Mnogovershinnyy,RU,22-06-04 02:18:S,53.9353,139.9242,57.88,46,7,4.21
382,Hienghene,NC,22-06-04 02:18:S,-20.6833,164.9333,75.83,65,40,5.99
383,Jodiya,IN,22-06-04 02:18:S,22.6925,70.306,82.45,76,50,18.23
384,Tuatapere,NZ,22-06-04 02:18:S,-46.1333,167.6833,49.21,70,95,2.04
385,Toppenish,US,22-06-04 02:18:S,46.3774,-120.3087,67.35,49,100,13.82
386,Sept-Iles,CA,22-06-04 02:18:S,50.2001,-66.3821,49.05,74,75,8.05
387,Darhan,MN,22-06-04 02:18:S,49.4867,105.9228,47.97,71,100,5.99
388,Lagos,NG,22-06-04 02:18:S,6.5833,3.75,73.72,86,100,4.61
389,Cravo Norte,CO,22-06-04 02:18:S,6.3017,-70.2041,72.18,96,70,3.65
390,Abu Samrah,SY,22-06-04 02:18:S,35.3029,37.1841,67.28,39,0,4.36
391,Sinnamary,GF,22-06-04 02:18:S,5.3833,-52.95,78.19,86,100,10.83
392,San Jeronimo,PE,22-06-04 02:18:S,-11.9472,-75.2829,48.4,82,100,3.83
393,Igarka,RU,22-06-04 02:18:S,67.4667,86.5833,41.63,63,97,10.56
394,Sibolga,ID,22-06-04 02:18:S,1.7427,98.7792,83.23,59,90,0.92
395,Sabya,SA,22-06-04 02:17:S,17.1495,42.6254,85.62,75,5,5.91
396,Shimanovsk,RU,22-06-04 02:18:S,52.0,127.7,67.86,46,5,5.19
397,Broken Hill,AU,22-06-04 02:18:S,-31.95,141.4333,56.57,64,1,16.78
398,Sorong,ID,22-06-04 02:18:S,-0.8833,131.25,83.75,70,48,0.13
399,Roebourne,AU,22-06-04 02:18:S,-20.7833,117.1333,69.53,45,47,16.24
400,Robertson,US,22-06-04 02:18:S,36.5167,-86.8667,73.38,70,40,5.75
401,Dzaoudzi,YT,22-06-04 02:18:S,-12.7887,45.2699,78.69,73,20,13.8
402,Taoudenni,ML,22-06-04 02:18:S,22.6783,-3.9836,96.87,13,100,11.27
403,Broome,US,22-06-04 02:18:S,42.2506,-75.833,58.8,84,0,1.92
404,Den Helder,NL,22-06-04 02:18:S,52.9599,4.7593,53.98,87,100,18.01
405,Kruisfontein,ZA,22-06-04 02:18:S,-34.0033,24.7314,51.46,52,45,6.58
406,Kolondieba,ML,22-06-04 02:19:S,11.0882,-6.8926,75.18,73,100,4.54
407,Alice Springs,AU,22-06-04 02:19:S,-23.7,133.8833,60.35,59,0,11.5
408,Longhua,CN,22-06-04 02:19:S,23.6137,114.1919,83.66,82,100,5.01
409,Praia Da Vitoria,PT,22-06-04 02:20:S,38.7333,-27.0667,66.45,88,75,14.36
410,Winnemucca,US,22-06-04 02:19:S,40.973,-117.7357,77.05,18,0,16.11
411,Rio Grande,BR,22-06-04 02:16:S,-32.035,-52.0986,55.17,66,4,12.41
412,Linxia,CN,22-06-04 02:20:S,35.6003,103.2064,61.72,54,68,2.26
413,Promyshlennaya,RU,22-06-04 02:20:S,54.9159,85.6385,46.24,63,12,5.86
414,Goderich,CA,22-06-04 02:20:S,43.7501,-81.7165,55.9,71,0,13.8
415,Gushikawa,JP,22-06-04 02:20:S,26.3544,127.8686,76.23,100,100,8.05
416,Portobelo,PA,22-06-04 02:20:S,9.55,-79.65,79.74,85,67,7.72
417,Harlingen,US,22-06-04 02:19:S,26.1906,-97.6961,82.49,83,0,8.05
418,Coahuayana,MX,22-06-04 02:20:S,18.7333,-103.6833,75.69,80,39,3.58
419,Paldiski,EE,22-06-04 02:20:S,59.3567,24.0531,52.86,87,75,9.22
420,Lianzhou,CN,22-06-04 02:20:S,24.7811,112.3825,83.12,83,98,4.79
421,Mahon,ES,22-06-04 02:20:S,39.8885,4.2658,70.36,88,0,4.61
422,Tancanhuitz,MX,22-06-04 02:20:S,21.6,-98.9667,78.19,65,0,6.22
423,Paka,MY,22-06-04 02:20:S,4.6374,103.4368,82.33,89,20,0.0
424,Chambas,CU,22-06-04 02:20:S,22.1928,-78.9136,78.19,78,100,12.01
425,Vostok,RU,22-06-04 02:20:S,46.4856,135.8833,43.84,87,100,2.91
426,Palmer,US,22-06-04 02:16:S,42.1584,-72.3287,68.43,81,40,4.61
427,Maracaju,BR,22-06-04 02:20:S,-21.6144,-55.1683,61.95,84,9,4.76
428,Stolbishche,RU,22-06-04 02:20:S,55.6468,49.216,64.85,82,40,8.99
429,Sisophon,KH,22-06-04 02:20:S,13.5859,102.9737,85.82,65,100,9.28
430,Havre-Saint-Pierre,CA,22-06-04 02:20:S,50.2334,-63.5986,44.6,81,40,2.3
431,Kirakira,SB,22-06-04 02:20:S,-10.4544,161.9205,86.0,63,100,11.83
432,Usinsk,RU,22-06-04 02:20:S,65.9939,57.5281,39.24,51,5,15.01
433,Quatre Cocos,MU,22-06-04 02:20:S,-20.2078,57.7625,71.1,76,85,21.43
434,Callaway,US,22-06-04 02:20:S,30.153,-85.5699,78.73,79,0,5.75
435,Fort Nelson,CA,22-06-04 02:20:S,58.8053,-122.7002,78.39,19,40,11.5
436,Ramotswa,BW,22-06-04 02:20:S,-24.8716,25.8699,49.78,52,0,1.66
437,Liberal,US,22-06-04 02:20:S,37.0431,-100.921,70.84,73,100,16.11
438,Darnah,LY,22-06-04 02:20:S,32.767,22.6367,72.68,79,0,18.97
439,Soubre,CI,22-06-04 02:20:S,5.7856,-6.6083,72.48,99,90,0.87
440,Pitimbu,BR,22-06-04 02:20:S,-7.4706,-34.8086,72.19,86,82,5.73
441,Peleduy,RU,22-06-04 02:20:S,59.6289,112.7406,50.49,90,100,5.14
442,Usatove,UA,22-06-04 02:20:S,46.533,30.6596,63.16,77,0,11.7
443,Yunyang,CN,22-06-04 02:20:S,33.4474,112.7142,89.17,45,53,12.37
444,Dongsheng,CN,22-06-04 02:20:S,39.8161,109.9776,68.99,27,0,15.39
445,Black River,JM,22-06-04 02:20:S,18.0264,-77.8487,78.31,84,100,14.38
446,Riyadh,SA,22-06-04 02:18:S,24.6877,46.7219,78.94,10,0,5.14
447,Oudtshoorn,ZA,22-06-04 02:20:S,-33.5907,22.2014,43.16,41,53,2.04
448,Tura,IN,22-06-04 02:20:S,25.5198,90.2201,77.5,93,91,6.67
449,Yulara,AU,22-06-04 02:20:S,-25.2406,130.9889,58.37,44,0,6.11
450,Eindhoven,NL,22-06-04 02:20:S,51.4333,5.4667,60.12,66,100,11.5
451,Lilongwe,MW,22-06-04 02:20:S,-13.9669,33.7873,53.11,93,35,5.32
452,Abha,SA,22-06-04 02:20:S,18.2164,42.5053,64.22,22,0,0.0
453,Caravelas,BR,22-06-04 02:20:S,-17.7125,-39.2481,73.47,91,84,6.87
454,Zachary,US,22-06-04 02:20:S,30.6485,-91.1565,75.07,77,20,8.05
455,Hastings,GB,22-06-04 02:21:S,50.8552,0.5729,58.78,88,100,19.51
456,San Quintin,MX,22-06-04 02:21:S,30.4833,-115.95,62.96,79,3,12.1
457,Drayton Valley,CA,22-06-04 02:21:S,53.2168,-114.9854,60.46,61,100,14.63
458,Coronon,PH,22-06-04 02:21:S,6.8792,125.4489,87.73,69,69,3.96
459,Cururupu,BR,22-06-04 02:21:S,-1.8283,-44.8683,72.99,94,99,1.61
460,Sibu,MY,22-06-04 02:21:S,2.3,111.8167,80.91,83,40,5.75
461,Villarrobledo,ES,22-06-04 02:21:S,39.2699,-2.6012,62.87,47,0,9.06
462,Honiara,SB,22-06-04 02:21:S,-9.4333,159.95,87.28,63,100,8.16
463,Tazovskiy,RU,22-06-04 02:21:S,67.4667,78.7,29.88,77,100,28.45
464,Puerto Carreno,CO,22-06-04 02:21:S,6.189,-67.4859,75.31,84,42,0.56
465,Shingu,JP,22-06-04 02:21:S,33.7333,135.9833,74.07,52,0,10.31
466,Petropavlovsk-Kamchatskiy,RU,22-06-04 02:21:S,53.0452,158.6483,64.99,30,0,13.42
467,Santa Fe,AR,22-06-04 02:21:S,-31.6333,-60.7,49.01,78,23,4.0
468,Abu Kamal,SY,22-06-04 02:21:S,34.4506,40.9171,82.69,37,50,9.57
469,Bilma,NE,22-06-04 02:21:S,18.6853,12.9164,86.56,12,0,6.49
470,Padang,ID,22-06-04 02:21:S,-0.9492,100.3543,84.25,61,25,0.45
471,Baykit,RU,22-06-04 02:21:S,61.67,96.37,39.09,79,100,7.23
472,Bekhtery,UA,22-06-04 02:21:S,46.251,32.2927,64.65,81,0,14.16
473,Adrar,MR,22-06-04 02:21:S,20.5022,-10.0711,84.58,25,42,17.47
474,Karpathos,GR,22-06-04 02:21:S,35.507,27.2132,71.56,88,29,17.27
475,Hambantota,LK,22-06-04 02:21:S,6.1241,81.1185,81.1,78,99,18.7
476,Simplicio Mendes,BR,22-06-04 02:21:S,-7.8539,-41.9103,72.95,75,53,4.21
477,San Ramon De La Nueva Oran,AR,22-06-04 02:21:S,-23.1322,-64.326,49.42,76,18,1.99
478,Eyl,SO,22-06-04 02:21:S,7.9803,49.8164,78.66,69,10,19.86
479,Jasper,US,22-06-04 02:21:S,37.2001,-94.3502,69.85,66,0,3.44
480,Takhtamygda,RU,22-06-04 02:21:S,54.1,123.5667,63.68,62,100,7.52
481,Mumford,GH,22-06-04 02:21:S,5.2618,-0.759,78.71,85,100,8.41
482,Wittenbach,CH,22-06-04 02:21:S,47.4631,9.3776,62.08,100,94,1.14
483,Sagar,IN,22-06-04 02:21:S,23.8333,78.7167,93.07,22,12,13.94
484,Krasnyy Kommunar,RU,22-06-04 02:20:S,51.9644,55.3668,62.67,72,20,2.24
485,Maine-Soroa,NE,22-06-04 02:21:S,13.2114,12.0241,83.97,25,100,3.65
486,Warrington,GB,22-06-04 02:21:S,53.3925,-2.5802,52.45,82,0,11.5
487,Hobyo,SO,22-06-04 02:21:S,5.3505,48.5268,77.45,85,36,19.8
488,San-Pedro,CI,22-06-04 02:21:S,4.7485,-6.6363,76.91,89,98,4.59
489,Narsaq,GL,22-06-04 02:21:S,60.9167,-46.05,53.82,39,0,9.1
490,Palmas De Monte Alto,BR,22-06-04 02:21:S,-14.2672,-43.1619,71.58,35,47,5.57
491,Jambi,ID,22-06-04 02:21:S,-1.6,103.6167,81.91,76,75,2.75
492,Cortez,US,22-06-04 02:19:S,37.3489,-108.5859,74.16,10,0,10.36
493,Green Valley,US,22-06-04 02:21:S,31.8543,-110.9937,93.97,10,5,1.01
494,Ardakan,IR,22-06-04 02:21:S,32.31,54.0175,77.23,16,0,2.08
495,Manjacaze,MZ,22-06-04 02:21:S,-24.7117,33.8828,59.58,93,0,2.26
496,Peebles,GB,22-06-04 02:21:S,55.6519,-3.1888,47.52,83,51,1.01
497,Eravur,LK,22-06-04 02:21:S,7.7733,81.6095,81.82,73,95,5.37
498,Toora-Khem,RU,22-06-04 02:21:S,52.4675,96.11,55.74,35,100,5.28
499,Rawson,AR,22-06-04 02:21:S,-43.3002,-65.1023,44.89,87,40,17.27
500,Wad Rawah,SD,22-06-04 02:21:S,15.1603,33.1397,87.98,33,41,14.16
501,Bria,CF,22-06-04 02:21:S,6.5423,21.9863,68.61,99,100,2.98
502,Pacayas,CR,22-06-04 02:22:S,9.8071,-84.0476,63.5,99,97,1.45
503,Saint-Agapit,CA,22-06-04 02:22:S,46.5629,-71.4352,52.74,98,100,6.29
504,Ketchikan,US,22-06-04 02:22:S,55.3422,-131.6461,64.87,63,40,3.44
505,Natal,BR,22-06-04 02:21:S,-5.795,-35.2094,77.22,94,0,5.75
506,Kaeo,NZ,22-06-04 02:22:S,-35.1,173.7833,64.33,71,54,3.62
507,Klaksvik,FO,22-06-04 02:22:S,62.2266,-6.589,50.92,86,94,14.97
508,Tual,ID,22-06-04 02:22:S,-5.6667,132.75,83.88,69,92,3.22
509,Esperance,AU,22-06-04 02:22:S,-33.8667,121.9,53.44,74,100,19.93
510,Aklavik,CA,22-06-04 02:22:S,68.2191,-135.0107,38.68,61,90,15.7
511,Acapulco,MX,22-06-04 02:22:S,16.8634,-99.8901,80.42,78,40,4.61
512,Phuket,TH,22-06-04 02:22:S,8.0,98.25,86.09,79,40,9.22
513,Los Andes,CL,22-06-04 02:22:S,-32.8337,-70.5983,48.0,90,100,2.77
514,Grafton,US,22-06-04 02:20:S,42.207,-71.6856,60.31,89,97,1.99
515,Daru,PG,22-06-04 02:22:S,-9.0763,143.2092,81.27,84,93,12.5
516,Nurota,UZ,22-06-04 02:22:S,40.5614,65.6886,71.4,40,0,7.94
517,Conakry,GN,22-06-04 02:22:S,9.538,-13.6773,80.73,78,99,1.74
518,Malacacheta,BR,22-06-04 02:22:S,-17.8422,-42.0767,63.07,80,98,4.38
519,Fallon,US,22-06-04 02:22:S,39.4735,-118.7774,75.07,22,75,24.16
520,Stepnogorsk,KZ,22-06-04 02:22:S,52.3544,71.8869,48.16,60,82,7.81
521,Luena,AO,22-06-04 02:22:S,-11.7833,19.9167,48.96,77,6,5.17
522,Half Moon Bay,US,22-06-04 02:22:S,37.4636,-122.4286,70.88,81,75,14.97
523,Buraydah,SA,22-06-04 02:22:S,26.326,43.975,75.65,12,0,9.15
524,Tongren,CN,22-06-04 02:22:S,27.7172,109.1853,76.03,95,100,1.14
525,Mazamari,PE,22-06-04 02:22:S,-11.3258,-74.5308,68.63,98,100,1.9
526,Huarmey,PE,22-06-04 02:22:S,-10.0681,-78.1522,65.08,86,100,4.52
527,Zhovtneve,UA,22-06-04 02:22:S,50.6637,24.2492,53.6,84,100,8.21
528,Kathmandu,NP,22-06-04 02:18:S,27.7167,85.3167,71.82,88,75,2.3
529,Oparino,RU,22-06-04 02:20:S,59.8518,48.2783,56.62,72,93,10.16
530,Turukhansk,RU,22-06-04 02:22:S,65.8167,87.9833,43.66,52,33,15.01
531,Port-Gentil,GA,22-06-04 02:22:S,-0.7193,8.7815,75.65,89,100,12.35
532,Mogadishu,SO,22-06-04 02:22:S,2.0371,45.3438,78.51,81,15,17.07
533,Vasudevanallur,IN,22-06-04 02:22:S,9.2333,77.4167,82.02,66,100,5.17
534,Beyneu,KZ,22-06-04 02:22:S,45.3167,55.2,75.31,21,87,2.37
535,Novoagansk,RU,22-06-04 02:22:S,61.9449,76.6625,34.39,97,100,15.05
536,Aleksandrov Gay,RU,22-06-04 02:21:S,50.147,48.5704,66.07,49,11,7.11
537,Gelemso,ET,22-06-04 02:22:S,8.8167,40.5167,56.44,90,95,5.59
538,Ambilobe,MG,22-06-04 02:22:S,-13.2,49.05,67.1,79,0,4.25
539,Mamontovo,RU,22-06-04 02:22:S,52.7055,81.6244,46.35,58,100,9.71
540,Mangrol,IN,22-06-04 02:22:S,21.1167,70.1167,82.22,78,52,13.53
541,Bairiki,KI,22-06-04 02:22:S,1.3292,172.9752,86.0,66,20,4.61
542,Grand Gaube,MU,22-06-04 02:23:S,-20.0064,57.6608,71.38,78,53,11.99
543,Lagunas,PE,22-06-04 02:21:S,-5.2269,-75.6753,72.52,98,100,1.05
544,Kloulklubed,PW,22-06-04 02:23:S,7.0419,134.2556,84.7,68,11,5.28
545,Danshui,CN,22-06-04 02:23:S,22.7984,114.4672,88.32,63,100,8.7
546,Perth,AU,22-06-04 02:19:S,-31.9333,115.8333,60.67,61,20,11.5
547,Henties Bay,NA,22-06-04 02:23:S,-22.116,14.2845,70.83,34,3,16.02
548,Yarmouth,US,22-06-04 02:23:S,41.7057,-70.2286,57.54,95,100,8.05
549,Doaba,PK,22-06-04 02:24:S,33.4244,70.7364,85.69,15,0,3.69
550,Ngunguru,NZ,22-06-04 02:24:S,-35.6167,174.5,61.79,50,76,5.64
551,Roald,NO,22-06-04 02:24:S,62.5833,6.1333,50.16,87,100,5.75
552,Cap Malheureux,MU,22-06-04 02:24:S,-19.9842,57.6142,71.47,78,45,11.99
553,Maneadero,MX,22-06-04 02:21:S,31.7167,-116.5667,63.1,78,10,1.99
554,Ndele,CF,22-06-04 02:24:S,8.4109,20.6473,70.41,93,100,1.45
555,San Carlos Del Zulia,VE,22-06-04 02:24:S,9.0,-71.9135,76.62,82,100,4.79
556,Carroll,US,22-06-04 02:24:S,39.5501,-77.0164,68.31,64,35,1.99
